{"stats":{"minecraft:mined":{"minecraft:grass":3,"minecraft:tall_grass":2,"minecraft:grass_block":15},"minecraft:custom":{"minecraft:jump":22,"minecraft:time_since_rest":2887,"minecraft:crouch_one_cm":4344,"minecraft:play_one_minute":2887,"minecraft:leave_game":1,"minecraft:sprint_one_cm":2829,"minecraft:damage_taken":10,"minecraft:time_since_death":2887,"minecraft:walk_one_cm":3085,"minecraft:sneak_time":849,"minecraft:fall_one_cm":811,"minecraft:fly_one_cm":24007},"minecraft:picked_up":{"minecraft:wheat_seeds":1,"minecraft:dirt":15},"minecraft:used":{"minecraft:dirt":40}},"DataVersion":2586}